career,skill
DevOps Engineer,Linux
DevOps Engineer,Docker
DevOps Engineer,Kubernetes
DevOps Engineer,CI/CD
DevOps Engineer,Python
Data Analyst,Python
Data Analyst,SQL
Data Analyst,Excel
Data Analyst,Statistics
Data Analyst,Data Visualization
Frontend Developer,HTML
Frontend Developer,CSS
Frontend Developer,JavaScript
Frontend Developer,React
Backend Developer,Python
Backend Developer,Django
Backend Developer,APIs
Backend Developer,SQL
Digital Marketer,SEO
Digital Marketer,Social Media Marketing
Digital Marketer,Content Marketing
UI/UX Designer,Figma
UI/UX Designer,User Research
UI/UX Designer,Prototyping